Unnamed: 0,tweets
0,"This restaurant has the best pizza in town! Highly recommended."
1,"Awful experience. The staff was rude and the food was terrible."
2,"The meeting is scheduled for tomorrow at 10 AM in conference room B."
3,"Love this new smartphone! The camera quality is outstanding."
4,"Disappointed with the delayed shipment. Poor customer service."
5,"It's raining outside. Don't forget to bring an umbrella."
6,"Exceptional service! The team went above and beyond my expectations."
7,"This software is full of bugs. Crashes every few minutes."
8,"The library closes at 6 PM on weekdays and 4 PM on weekends."
9,"Brilliant movie! Great acting and an amazing storyline."
10,"Heavy traffic on Highway 101 due to ongoing construction work."
11,"Worst hotel stay ever. Dirty rooms and broken air conditioning."
12,"Lovely weather for a beach day. Perfect temperature and sunshine."
13,"Outstanding performance by the orchestra. Truly magical evening."
14,"The printer is out of paper. Please refill before using."
15,"Terrible internet speed. Can't even stream a simple video."
16,"Beautiful garden with colorful flowers and well-maintained paths."
17,"Frustrated with the long wait times. This is unacceptable."
18,"The coffee shop opens at 7 AM and serves fresh pastries daily."
19,"Amazing vacation! The resort exceeded all our expectations."
20,"Slow checkout process. The queue was extremely long today."
21,"Excellent tutorial! Very clear explanations and helpful examples."
22,"The bus route 45 runs every 15 minutes during peak hours."
23,"Horrible customer support. They couldn't resolve my simple issue."
24,"Fantastic concert! The band's energy was absolutely incredible."
25,"Regular maintenance scheduled for the elevator next Tuesday morning."
